url	title	#	Name	Symbol	Market Cap	Price	Circulating Supply	Volume (24h)	% 1h	% 24h	% 7d
https:/coinmarketcap.com/historical/20190603	02 June 2019	519	SwissBorg	CHSB	$4,316,576	$0.007496	575,821,133 CHSB *	$86,451	-1.47%	-14.37%	-25.20%	
https:/coinmarketcap.com/historical/20190604	03 June 2019	529	SwissBorg	CHSB	$4,155,817	$0.007217	575,821,133 CHSB *	$71,584	1.30%	-2.88%	-21.40%	
https:/coinmarketcap.com/historical/20190605	04 June 2019	503	SwissBorg	CHSB	$4,533,435	$0.007873	575,821,133 CHSB *	$90,287	-1.14%	9.42%	-12.40%	
https:/coinmarketcap.com/historical/20190606	05 June 2019	525	SwissBorg	CHSB	$4,318,098	$0.007499	575,821,133 CHSB *	$52,586	1.16%	-5.34%	-12.09%	
https:/coinmarketcap.com/historical/20190607	06 June 2019	526	SwissBorg	CHSB	$4,392,082	$0.007628	575,821,133 CHSB *	$41,764	-0.06%	2.47%	-11.58%	
https:/coinmarketcap.com/historical/20190608	07 June 2019	528	SwissBorg	CHSB	$4,286,503	$0.007444	575,821,133 CHSB *	$37,864	-0.67%	-2.39%	-18.36%	
https:/coinmarketcap.com/historical/20190609	08 June 2019	537	SwissBorg	CHSB	$4,057,631	$0.007047	575,821,133 CHSB *	$46,939	1.29%	-5.84%	-19.44%	
https:/coinmarketcap.com/historical/20190610	09 June 2019	537	SwissBorg	CHSB	$4,288,573	$0.007448	575,821,133 CHSB *	$34,371	0.51%	6.70%	-0.88%	
https:/coinmarketcap.com/historical/20190611	10 June 2019	536	SwissBorg	CHSB	$4,303,704	$0.007474	575,821,133 CHSB *	$32,801	-0.12%	0.56%	4.23%	
https:/coinmarketcap.com/historical/20190612	11 June 2019	518	SwissBorg	CHSB	$4,767,794	$0.008280	575,821,133 CHSB *	$43,644	0.88%	10.67%	5.39%	
https:/coinmarketcap.com/historical/20190613	12 June 2019	521	SwissBorg	CHSB	$4,648,797	$0.008073	575,821,133 CHSB *	$57,050	-0.65%	-2.11%	8.54%	
https:/coinmarketcap.com/historical/20190614	13 June 2019	488	SwissBorg	CHSB	$5,413,145	$0.009401	575,821,133 CHSB *	$67,581	0.60%	15.72%	23.53%	
https:/coinmarketcap.com/historical/20190615	14 June 2019	496	SwissBorg	CHSB	$5,197,076	$0.009026	575,821,133 CHSB *	$49,083	-0.63%	-2.18%	20.75%	
https:/coinmarketcap.com/historical/20190616	15 June 2019	510	SwissBorg	CHSB	$5,073,437	$0.008811	575,821,133 CHSB *	$48,819	-0.32%	-2.54%	25.37%	
https:/coinmarketcap.com/historical/20190617	16 June 2019	492	SwissBorg	CHSB	$5,035,609	$0.008745	575,821,133 CHSB *	$39,450	0.03%	-1.38%	17.98%	
https:/coinmarketcap.com/historical/20190618	17 June 2019	487	SwissBorg	CHSB	$5,055,986	$0.008780	575,821,133 CHSB *	$49,035	0.76%	0.83%	16.68%	
https:/coinmarketcap.com/historical/20190619	18 June 2019	497	SwissBorg	CHSB	$5,066,178	$0.008798	575,821,133 CHSB *	$23,725	0.27%	0.74%	6.89%	
https:/coinmarketcap.com/historical/20190620	19 June 2019	496	SwissBorg	CHSB	$5,084,256	$0.008830	575,821,133 CHSB *	$38,218	-0.41%	0.65%	8.40%	
https:/coinmarketcap.com/historical/20190621	20 June 2019	496	SwissBorg	CHSB	$5,397,040	$0.009373	575,821,133 CHSB *	$33,005	1.71%	5.60%	4.30%	
https:/coinmarketcap.com/historical/20190622	21 June 2019	490	SwissBorg	CHSB	$5,552,678	$0.009643	575,821,133 CHSB *	$44,245	2.20%	3.28%	5.90%	
https:/coinmarketcap.com/historical/20190623	22 June 2019	485	SwissBorg	CHSB	$5,532,473	$0.009608	575,821,133 CHSB *	$31,473	-0.85%	-0.31%	8.11%	
https:/coinmarketcap.com/historical/20190624	23 June 2019	495	SwissBorg	CHSB	$5,537,693	$0.009617	575,821,133 CHSB *	$34,086	0.35%	0.29%	10.93%	
https:/coinmarketcap.com/historical/20190625	24 June 2019	487	SwissBorg	CHSB	$5,997,020	$0.010415	575,821,133 CHSB *	$39,843	1.33%	7.90%	18.92%	
https:/coinmarketcap.com/historical/20190626	25 June 2019	502	SwissBorg	CHSB	$5,516,872	$0.009581	575,821,133 CHSB *	$59,617	1.63%	-7.39%	9.35%	
https:/coinmarketcap.com/historical/20190627	26 June 2019	509	SwissBorg	CHSB	$4,687,962	$0.008141	575,821,133 CHSB *	$56,367	0.04%	-14.41%	-8.54%	
https:/coinmarketcap.com/historical/20190628	27 June 2019	526	SwissBorg	CHSB	$4,656,129	$0.008086	575,821,133 CHSB *	$63,280	1.41%	-0.76%	-14.87%	
https:/coinmarketcap.com/historical/20190629	28 June 2019	517	SwissBorg	CHSB	$4,829,032	$0.008386	575,821,133 CHSB *	$48,897	2.76%	5.01%	-12.92%	
https:/coinmarketcap.com/historical/20190630	29 June 2019	528	SwissBorg	CHSB	$4,099,266	$0.007119	575,821,133 CHSB *	$33,210	-1.16%	-14.40%	-25.98%	
https:/coinmarketcap.com/historical/20190701	30 June 2019	533	SwissBorg	CHSB	$4,346,195	$0.007548	575,821,133 CHSB *	$40,345	1.00%	4.37%	-21.91%	
https:/coinmarketcap.com/historical/20190702	01 July 2019	529	SwissBorg	CHSB	$4,403,353	$0.007647	575,821,133 CHSB *	$37,790	-0.25%	1.49%	-25.52%	
https:/coinmarketcap.com/historical/20190703	02 July 2019	523	SwissBorg	CHSB	$4,735,713	$0.008224	575,821,133 CHSB *	$39,680	0.26%	6.37%	-15.02%	
https:/coinmarketcap.com/historical/20190704	03 July 2019	536	SwissBorg	CHSB	$4,281,466	$0.007435	575,821,133 CHSB *	$39,443	-2.94%	-9.48%	-7.63%	
https:/coinmarketcap.com/historical/20190705	04 July 2019	518	SwissBorg	CHSB	$4,676,371	$0.008121	575,821,133 CHSB *	$45,139	0.57%	8.47%	2.37%	
https:/coinmarketcap.com/historical/20190706	05 July 2019	501	SwissBorg	CHSB	$4,787,125	$0.008314	575,821,133 CHSB *	$47,080	-0.22%	2.14%	2.02%	
https:/coinmarketcap.com/historical/20190707	06 July 2019	507	SwissBorg	CHSB	$5,001,608	$0.008686	575,821,133 CHSB *	$49,360	0.03%	4.26%	17.48%	
https:/coinmarketcap.com/historical/20190708	07 July 2019	520	SwissBorg	CHSB	$5,104,962	$0.008866	575,821,133 CHSB *	$49,443	-0.39%	1.98%	20.99%	
https:/coinmarketcap.com/historical/20190709	08 July 2019	532	SwissBorg	CHSB	$4,677,252	$0.008123	575,821,133 CHSB *	$74,343	-0.31%	-8.62%	4.97%	
https:/coinmarketcap.com/historical/20190710	09 July 2019	551	SwissBorg	CHSB	$3,995,567	$0.006939	575,821,133 CHSB *	$49,902	-1.08%	-14.11%	-14.10%	
https:/coinmarketcap.com/historical/20190711	10 July 2019	528	SwissBorg	CHSB	$4,163,368	$0.007230	575,821,133 CHSB *	$48,083	-0.53%	3.31%	-4.07%	
https:/coinmarketcap.com/historical/20190712	11 July 2019	545	SwissBorg	CHSB	$3,769,241	$0.006546	575,821,133 CHSB *	$36,459	-1.86%	-9.68%	-18.49%	
https:/coinmarketcap.com/historical/20190713	12 July 2019	544	SwissBorg	CHSB	$3,693,535	$0.006414	575,821,133 CHSB *	$41,557	0.37%	-2.83%	-23.57%	
https:/coinmarketcap.com/historical/20190714	13 July 2019	545	SwissBorg	CHSB	$3,401,499	$0.005907	575,821,133 CHSB *	$33,375	-3.77%	-7.86%	-31.58%	
https:/coinmarketcap.com/historical/20190715	14 July 2019	547	SwissBorg	CHSB	$3,578,135	$0.006214	575,821,133 CHSB *	$31,269	-1.00%	4.90%	-30.06%	
https:/coinmarketcap.com/historical/20190716	15 July 2019	538	SwissBorg	CHSB	$3,186,066	$0.005533	575,821,133 CHSB *	$25,785	0.31%	-11.27%	-30.78%	
https:/coinmarketcap.com/historical/20190717	16 July 2019	531	SwissBorg	CHSB	$3,416,372	$0.005933	575,821,133 CHSB *	$32,693	-0.17%	7.23%	-14.91%	
https:/coinmarketcap.com/historical/20190718	17 July 2019	535	SwissBorg	CHSB	$3,636,775	$0.006316	575,821,133 CHSB *	$32,845	0.75%	6.75%	-12.20%	
https:/coinmarketcap.com/historical/20190719	18 July 2019	549	SwissBorg	CHSB	$3,490,271	$0.006061	575,821,133 CHSB *	$31,930	-0.24%	-3.59%	-9.01%	
https:/coinmarketcap.com/historical/20190720	19 July 2019	542	SwissBorg	CHSB	$3,599,921	$0.006252	575,821,133 CHSB *	$34,757	-1.79%	2.72%	-1.87%	
https:/coinmarketcap.com/historical/20190721	20 July 2019	553	SwissBorg	CHSB	$3,268,072	$0.005675	575,821,133 CHSB *	$37,921	0.21%	-10.05%	-4.39%	
https:/coinmarketcap.com/historical/20190722	21 July 2019	567	SwissBorg	CHSB	$3,202,413	$0.005561	575,821,133 CHSB *	$33,409	0.71%	-1.93%	-9.36%	
https:/coinmarketcap.com/historical/20190723	22 July 2019	560	SwissBorg	CHSB	$3,134,532	$0.005444	575,821,133 CHSB *	$22,159	-1.17%	-1.74%	-1.83%	
https:/coinmarketcap.com/historical/20190724	23 July 2019	576	SwissBorg	CHSB	$2,900,822	$0.005038	575,821,133 CHSB *	$53,054	-0.02%	-5.52%	-15.48%	
https:/coinmarketcap.com/historical/20190725	24 July 2019	573	SwissBorg	CHSB	$3,097,252	$0.005379	575,821,133 CHSB *	$24,656	-0.06%	5.91%	-13.60%	
https:/coinmarketcap.com/historical/20190726	25 July 2019	563	SwissBorg	CHSB	$3,165,332	$0.005497	575,821,133 CHSB *	$30,526	0.52%	2.77%	-10.20%	
https:/coinmarketcap.com/historical/20190727	26 July 2019	570	SwissBorg	CHSB	$2,901,432	$0.005039	575,821,133 CHSB *	$41,584	0.14%	-9.64%	-19.73%	
https:/coinmarketcap.com/historical/20190728	27 July 2019	572	SwissBorg	CHSB	$2,964,335	$0.005148	575,821,133 CHSB *	$31,786	1.90%	2.26%	-8.87%	
https:/coinmarketcap.com/historical/20190729	28 July 2019	567	SwissBorg	CHSB	$3,026,910	$0.005257	575,821,133 CHSB *	$29,813	-0.32%	2.60%	-5.05%	
https:/coinmarketcap.com/historical/20190730	29 July 2019	543	SwissBorg	CHSB	$3,570,304	$0.006200	575,821,133 CHSB *	$70,371	-0.25%	17.69%	17.28%	
https:/coinmarketcap.com/historical/20190731	30 July 2019	526	SwissBorg	CHSB	$4,049,561	$0.007033	575,821,133 CHSB *	$93,900	0.45%	12.73%	38.83%	
https:/coinmarketcap.com/historical/20190801	31 July 2019	532	SwissBorg	CHSB	$3,968,701	$0.006892	575,821,133 CHSB *	$40,598	0.07%	-1.41%	29.04%	
https:/coinmarketcap.com/historical/20190802	01 August 2019	527	SwissBorg	CHSB	$3,934,465	$0.006833	575,821,133 CHSB *	$29,569	0.24%	-0.66%	22.68%	
https:/coinmarketcap.com/historical/20190803	02 August 2019	517	SwissBorg	CHSB	$3,964,955	$0.006886	575,821,133 CHSB *	$96,430	-0.60%	1.09%	35.46%	
https:/coinmarketcap.com/historical/20190804	03 August 2019	525	SwissBorg	CHSB	$3,907,172	$0.006785	575,821,133 CHSB *	$27,161	0.24%	-1.97%	32.14%	
https:/coinmarketcap.com/historical/20190805	04 August 2019	516	SwissBorg	CHSB	$4,114,214	$0.007145	575,821,133 CHSB *	$34,964	0.59%	5.16%	36.85%	
https:/coinmarketcap.com/historical/20190806	05 August 2019	503	SwissBorg	CHSB	$4,138,741	$0.007188	575,821,133 CHSB *	$17,305	0.74%	1.28%	15.52%	
https:/coinmarketcap.com/historical/20190807	06 August 2019	490	SwissBorg	CHSB	$4,263,811	$0.007405	575,821,133 CHSB *	$15,456	-0.32%	3.25%	6.50%	
https:/coinmarketcap.com/historical/20190808	07 August 2019	486	SwissBorg	CHSB	$4,291,961	$0.007454	575,821,133 CHSB *	$17,567	0.61%	0.31%	8.50%	
https:/coinmarketcap.com/historical/20190809	08 August 2019	485	SwissBorg	CHSB	$4,363,966	$0.007579	575,821,133 CHSB *	$19,026	0.34%	1.73%	10.18%	
https:/coinmarketcap.com/historical/20190810	09 August 2019	475	SwissBorg	CHSB	$4,355,560	$0.007564	575,821,133 CHSB *	$21,474	0.70%	-1.42%	9.76%	
https:/coinmarketcap.com/historical/20190811	10 August 2019	479	SwissBorg	CHSB	$4,357,989	$0.007568	575,821,133 CHSB *	$21,410	-0.44%	0.58%	10.58%	
https:/coinmarketcap.com/historical/20190812	11 August 2019	463	SwissBorg	CHSB	$4,602,700	$0.007993	575,821,133 CHSB *	$27,936	-0.08%	6.35%	13.60%	
https:/coinmarketcap.com/historical/20190813	12 August 2019	457	SwissBorg	CHSB	$4,472,333	$0.007767	575,821,133 CHSB *	$30,333	0.25%	-2.94%	7.57%	
https:/coinmarketcap.com/historical/20190814	13 August 2019	470	SwissBorg	CHSB	$4,047,444	$0.007029	575,821,133 CHSB *	$22,501	-1.13%	-9.45%	-4.94%	
https:/coinmarketcap.com/historical/20190815	14 August 2019	455	SwissBorg	CHSB	$4,311,378	$0.007487	575,821,133 CHSB *	$22,035	0.55%	5.47%	1.33%	
https:/coinmarketcap.com/historical/20190816	15 August 2019	458	SwissBorg	CHSB	$4,506,876	$0.007827	575,821,133 CHSB *	$20,047	-0.47%	4.90%	2.16%	
https:/coinmarketcap.com/historical/20190817	16 August 2019	462	SwissBorg	CHSB	$4,403,603	$0.007648	575,821,133 CHSB *	$24,502	-2.42%	-2.59%	1.40%	
https:/coinmarketcap.com/historical/20190818	17 August 2019	457	SwissBorg	CHSB	$4,577,346	$0.007949	575,821,133 CHSB *	$20,063	-3.25%	2.61%	6.97%	
https:/coinmarketcap.com/historical/20190819	18 August 2019	446	SwissBorg	CHSB	$5,197,141	$0.009026	575,821,133 CHSB *	$31,573	0.21%	10.65%	13.29%	
https:/coinmarketcap.com/historical/20190820	19 August 2019	420	SwissBorg	CHSB	$5,617,069	$0.009755	575,821,133 CHSB *	$32,303	-1.55%	7.30%	25.89%	
https:/coinmarketcap.com/historical/20190821	20 August 2019	427	SwissBorg	CHSB	$5,312,144	$0.009225	575,821,133 CHSB *	$24,926	1.13%	-6.86%	30.82%	
https:/coinmarketcap.com/historical/20190822	21 August 2019	432	SwissBorg	CHSB	$5,307,572	$0.009217	575,821,133 CHSB *	$23,187	-0.68%	0.12%	24.52%	
https:/coinmarketcap.com/historical/20190823	22 August 2019	442	SwissBorg	CHSB	$5,301,565	$0.009207	575,821,133 CHSB *	$29,254	0.23%	-0.07%	16.34%	
https:/coinmarketcap.com/historical/20190824	23 August 2019	436	SwissBorg	CHSB	$5,259,429	$0.009134	575,821,133 CHSB *	$35,168	1.14%	-0.63%	18.44%	
https:/coinmarketcap.com/historical/20190825	24 August 2019	436	SwissBorg	CHSB	$5,083,836	$0.008829	575,821,133 CHSB *	$40,027	0.69%	-2.49%	8.35%	
https:/coinmarketcap.com/historical/20190826	25 August 2019	445	SwissBorg	CHSB	$4,986,219	$0.008659	575,821,133 CHSB *	$34,740	-0.53%	-2.69%	-4.43%	
https:/coinmarketcap.com/historical/20190827	26 August 2019	450	SwissBorg	CHSB	$4,895,734	$0.008502	575,821,133 CHSB *	$22,055	0.99%	-2.14%	-12.09%	
https:/coinmarketcap.com/historical/20190828	27 August 2019	446	SwissBorg	CHSB	$4,759,920	$0.008266	575,821,133 CHSB *	$26,906	-0.95%	-2.13%	-10.21%	
https:/coinmarketcap.com/historical/20190829	28 August 2019	448	SwissBorg	CHSB	$4,694,166	$0.008152	575,821,133 CHSB *	$25,358	-0.31%	-2.16%	-11.55%	
https:/coinmarketcap.com/historical/20190830	29 August 2019	452	SwissBorg	CHSB	$4,640,819	$0.008059	575,821,133 CHSB *	$28,708	-0.58%	-1.09%	-11.95%	
https:/coinmarketcap.com/historical/20190831	30 August 2019	422	SwissBorg	CHSB	$5,316,091	$0.009232	575,821,133 CHSB *	$38,421	-0.27%	13.82%	2.44%	
https:/coinmarketcap.com/historical/20190901	31 August 2019	403	SwissBorg	CHSB	$5,735,458	$0.009960	575,821,133 CHSB *	$79,588	-1.17%	8.07%	11.70%	
https:/coinmarketcap.com/historical/20190902	01 September 2019	415	SwissBorg	CHSB	$5,640,395	$0.009795	575,821,133 CHSB *	$44,095	-0.36%	-1.89%	13.49%	
https:/coinmarketcap.com/historical/20190903	02 September 2019	401	SwissBorg	CHSB	$5,835,026	$0.010133	575,821,133 CHSB *	$40,931	-0.75%	3.18%	20.07%	
https:/coinmarketcap.com/historical/20190904	03 September 2019	405	SwissBorg	CHSB	$5,912,474	$0.010268	575,821,133 CHSB *	$37,706	-0.78%	0.58%	24.58%	
https:/coinmarketcap.com/historical/20190905	04 September 2019	364	SwissBorg	CHSB	$7,295,980	$0.012671	575,821,133 CHSB *	$57,313	-1.01%	22.90%	55.80%	
https:/coinmarketcap.com/historical/20190906	05 September 2019	361	SwissBorg	CHSB	$7,151,432	$0.012420	575,821,133 CHSB *	$60,028	0.61%	-2.16%	52.84%	
https:/coinmarketcap.com/historical/20190907	06 September 2019	340	SwissBorg	CHSB	$8,427,328	$0.014635	575,821,133 CHSB *	$90,154	0.13%	18.58%	60.81%	
https:/coinmarketcap.com/historical/20190908	07 September 2019	339	SwissBorg	CHSB	$8,563,027	$0.014871	575,821,133 CHSB *	$66,100	-0.05%	1.12%	49.20%	
https:/coinmarketcap.com/historical/20190909	08 September 2019	349	SwissBorg	CHSB	$8,300,032	$0.014414	575,821,133 CHSB *	$61,179	-0.30%	-2.99%	45.83%	
https:/coinmarketcap.com/historical/20190910	09 September 2019	353	SwissBorg	CHSB	$7,784,657	$0.013519	575,821,133 CHSB *	$54,897	0.76%	-6.52%	31.90%	
https:/coinmarketcap.com/historical/20190911	10 September 2019	356	SwissBorg	CHSB	$7,387,951	$0.012830	575,821,133 CHSB *	$43,606	0.03%	-5.10%	23.89%	
https:/coinmarketcap.com/historical/20190912	11 September 2019	402	SwissBorg	CHSB	$6,228,803	$0.010817	575,821,133 CHSB *	$49,577	0.57%	-15.37%	-12.97%	
https:/coinmarketcap.com/historical/20190913	12 September 2019	365	SwissBorg	CHSB	$7,129,922	$0.012382	575,821,133 CHSB *	$46,157	2.48%	14.57%	-1.44%	
https:/coinmarketcap.com/historical/20190914	13 September 2019	364	SwissBorg	CHSB	$7,166,730	$0.012446	575,821,133 CHSB *	$45,538	0.29%	3.36%	-14.66%	
https:/coinmarketcap.com/historical/20190915	14 September 2019	368	SwissBorg	CHSB	$7,032,085	$0.012212	575,821,133 CHSB *	$41,890	0.57%	-1.62%	-17.83%	
https:/coinmarketcap.com/historical/20190916	15 September 2019	385	SwissBorg	CHSB	$6,723,274	$0.011676	575,821,133 CHSB *	$43,481	0.64%	-3.99%	-17.98%	
https:/coinmarketcap.com/historical/20190917	16 September 2019	397	SwissBorg	CHSB	$6,325,584	$0.010985	575,821,133 CHSB *	$41,230	0.16%	-5.17%	-18.40%	
https:/coinmarketcap.com/historical/20190918	17 September 2019	394	SwissBorg	CHSB	$6,488,102	$0.011268	575,821,133 CHSB *	$67,351	-1.37%	3.53%	-11.80%	
https:/coinmarketcap.com/historical/20190919	18 September 2019	364	SwissBorg	CHSB	$7,666,678	$0.013314	575,821,133 CHSB *	$55,579	3.02%	17.05%	26.10%	
https:/coinmarketcap.com/historical/20190920	19 September 2019	360	SwissBorg	CHSB	$8,090,473	$0.014050	575,821,133 CHSB *	$53,984	1.34%	7.15%	19.85%	
https:/coinmarketcap.com/historical/20190921	20 September 2019	364	SwissBorg	CHSB	$7,682,402	$0.013342	575,821,133 CHSB *	$45,801	-2.21%	-4.27%	6.92%	
https:/coinmarketcap.com/historical/20190922	21 September 2019	354	SwissBorg	CHSB	$7,930,449	$0.013772	575,821,133 CHSB *	$50,820	0.96%	1.84%	12.92%	
https:/coinmarketcap.com/historical/20190923	22 September 2019	371	SwissBorg	CHSB	$7,098,091	$0.012327	575,821,133 CHSB *	$38,169	-0.67%	-9.84%	6.47%	
https:/coinmarketcap.com/historical/20190924	23 September 2019	378	SwissBorg	CHSB	$6,003,485	$0.010426	575,821,133 CHSB *	$37,178	-0.65%	-15.88%	-3.32%	
https:/coinmarketcap.com/historical/20190925	24 September 2019	399	SwissBorg	CHSB	$5,397,625	$0.009374	575,821,133 CHSB *	$29,158	-1.06%	-10.54%	-17.42%	
https:/coinmarketcap.com/historical/20190926	25 September 2019	411	SwissBorg	CHSB	$4,900,094	$0.008510	575,821,133 CHSB *	$28,111	-0.86%	-10.37%	-35.17%	
https:/coinmarketcap.com/historical/20190927	26 September 2019	416	SwissBorg	CHSB	$4,895,952	$0.008503	575,821,133 CHSB *	$13,507	-0.24%	-0.78%	-38.07%	
https:/coinmarketcap.com/historical/20190928	27 September 2019	419	SwissBorg	CHSB	$4,987,581	$0.008662	575,821,133 CHSB *	$7,928	0.75%	1.73%	-36.14%	
https:/coinmarketcap.com/historical/20190929	28 September 2019	421	SwissBorg	CHSB	$4,653,282	$0.008081	575,821,133 CHSB *	$19,465	-0.73%	-6.00%	-40.63%	
https:/coinmarketcap.com/historical/20190930	29 September 2019	424	SwissBorg	CHSB	$4,948,332	$0.008594	575,821,133 CHSB *	$22,446	1.67%	5.72%	-30.98%	
https:/coinmarketcap.com/historical/20191001	30 September 2019	419	SwissBorg	CHSB	$5,066,099	$0.008798	575,821,133 CHSB *	$16,914	-1.03%	3.89%	-16.12%	
https:/coinmarketcap.com/historical/20191002	01 October 2019	430	SwissBorg	CHSB	$4,841,820	$0.008409	575,821,133 CHSB *	$13,902	-0.63%	-5.27%	-13.15%	
https:/coinmarketcap.com/historical/20191003	02 October 2019	429	SwissBorg	CHSB	$4,785,857	$0.008311	575,821,133 CHSB *	$8,896	0.84%	-2.63%	-2.81%	
https:/coinmarketcap.com/historical/20191004	03 October 2019	428	SwissBorg	CHSB	$4,948,537	$0.008594	575,821,133 CHSB *	$13,899	0.14%	4.65%	1.48%	
https:/coinmarketcap.com/historical/20191005	04 October 2019	418	SwissBorg	CHSB	$5,017,581	$0.008714	575,821,133 CHSB *	$9,012	0.09%	1.50%	1.62%	
https:/coinmarketcap.com/historical/20191006	05 October 2019	421	SwissBorg	CHSB	$4,818,687	$0.008368	575,821,133 CHSB *	$10,037	0.05%	-3.80%	3.55%	
https:/coinmarketcap.com/historical/20191007	06 October 2019	448	SwissBorg	CHSB	$4,656,159	$0.008086	575,821,133 CHSB *	$12,112	0.62%	-3.16%	-4.51%	
https:/coinmarketcap.com/historical/20191008	07 October 2019	449	SwissBorg	CHSB	$4,652,822	$0.008080	575,821,133 CHSB *	$7,722	-0.33%	-0.39%	-8.92%	
https:/coinmarketcap.com/historical/20191009	08 October 2019	436	SwissBorg	CHSB	$4,954,425	$0.008604	575,821,133 CHSB *	$7,969	-0.57%	6.21%	1.77%	
https:/coinmarketcap.com/historical/20191010	09 October 2019	428	SwissBorg	CHSB	$5,028,519	$0.008733	575,821,133 CHSB *	$27,622	-0.03%	0.90%	6.97%	
https:/coinmarketcap.com/historical/20191011	10 October 2019	447	SwissBorg	CHSB	$4,598,720	$0.007986	575,821,133 CHSB *	$23,187	0.34%	-8.45%	-7.04%	
https:/coinmarketcap.com/historical/20191012	11 October 2019	436	SwissBorg	CHSB	$4,607,489	$0.008002	575,821,133 CHSB *	$19,151	0.28%	1.13%	-7.77%	
https:/coinmarketcap.com/historical/20191013	12 October 2019	449	SwissBorg	CHSB	$4,567,315	$0.007932	575,821,133 CHSB *	$17,731	-0.61%	-0.63%	-4.87%	
https:/coinmarketcap.com/historical/20191014	13 October 2019	431	SwissBorg	CHSB	$5,103,649	$0.008863	575,821,133 CHSB *	$24,244	-0.39%	11.26%	8.61%	
https:/coinmarketcap.com/historical/20191015	14 October 2019	421	SwissBorg	CHSB	$5,119,698	$0.008891	575,821,133 CHSB *	$20,746	-0.40%	-0.85%	9.82%	
https:/coinmarketcap.com/historical/20191016	15 October 2019	432	SwissBorg	CHSB	$4,937,210	$0.008574	575,821,133 CHSB *	$19,194	-0.02%	-4.03%	-0.64%	
https:/coinmarketcap.com/historical/20191017	16 October 2019	399	SwissBorg	CHSB	$5,637,830	$0.009791	575,821,133 CHSB *	$23,761	-0.42%	13.81%	12.31%	
https:/coinmarketcap.com/historical/20191018	17 October 2019	403	SwissBorg	CHSB	$5,520,235	$0.009587	575,821,133 CHSB *	$17,415	-0.98%	-2.30%	20.80%	
https:/coinmarketcap.com/historical/20191019	18 October 2019	402	SwissBorg	CHSB	$5,539,727	$0.009621	575,821,133 CHSB *	$13,234	0.67%	-0.33%	21.58%	
https:/coinmarketcap.com/historical/20191020	19 October 2019	416	SwissBorg	CHSB	$5,307,273	$0.009217	575,821,133 CHSB *	$14,752	-1.29%	-3.90%	15.24%	
https:/coinmarketcap.com/historical/20191020	19 October 2019	416	SwissBorg	CHSB	$5,307,273	$0.009217	575,821,133 CHSB *	$14,752	-1.29%	-3.90%	15.24%	
https:/coinmarketcap.com/historical/20191021	20 October 2019	422	SwissBorg	CHSB	$5,309,540	$0.009221	575,821,133 CHSB *	$14,030	0.45%	-1.21%	3.30%	
https:/coinmarketcap.com/historical/20191022	21 October 2019	442	SwissBorg	CHSB	$4,802,173	$0.008340	575,821,133 CHSB *	$17,548	-0.30%	-9.00%	-6.61%	
https:/coinmarketcap.com/historical/20191023	22 October 2019	427	SwissBorg	CHSB	$4,684,529	$0.008135	575,821,133 CHSB *	$14,314	1.00%	-2.36%	-5.09%	
https:/coinmarketcap.com/historical/20191024	23 October 2019	444	SwissBorg	CHSB	$4,392,693	$0.007629	575,821,133 CHSB *	$20,432	0.62%	-5.86%	-21.52%	
https:/coinmarketcap.com/historical/20191025	24 October 2019	427	SwissBorg	CHSB	$5,065,062	$0.008796	575,821,133 CHSB *	$16,809	0.02%	15.36%	-8.77%	
https:/coinmarketcap.com/historical/20191026	25 October 2019	422	SwissBorg	CHSB	$5,334,293	$0.009264	575,821,133 CHSB *	$16,616	0.66%	3.55%	-3.44%	
https:/coinmarketcap.com/historical/20191027	26 October 2019	419	SwissBorg	CHSB	$5,408,949	$0.009393	575,821,133 CHSB *	$15,132	0.31%	1.36%	-0.30%	
https:/coinmarketcap.com/historical/20191028	27 October 2019	433	SwissBorg	CHSB	$5,200,033	$0.009031	575,821,133 CHSB *	$12,745	-1.70%	-3.44%	-1.40%	
https:/coinmarketcap.com/historical/20191029	28 October 2019	431	SwissBorg	CHSB	$5,261,360	$0.009137	575,821,133 CHSB *	$13,765	-0.64%	-0.03%	8.74%	
https:/coinmarketcap.com/historical/20191030	29 October 2019	418	SwissBorg	CHSB	$5,580,079	$0.009691	575,821,133 CHSB *	$16,814	-0.91%	5.55%	21.24%	
https:/coinmarketcap.com/historical/20191031	30 October 2019	433	SwissBorg	CHSB	$5,277,238	$0.009165	575,821,133 CHSB *	$13,553	-4.99%	-6.27%	18.16%	
https:/coinmarketcap.com/historical/20191101	31 October 2019	411	SwissBorg	CHSB	$5,657,072	$0.009824	575,821,133 CHSB *	$13,869	1.33%	2.56%	7.28%	
https:/coinmarketcap.com/historical/20191102	01 November 2019	426	SwissBorg	CHSB	$5,466,223	$0.009493	575,821,133 CHSB *	$12,598	0.44%	-2.26%	3.51%	
https:/coinmarketcap.com/historical/20191103	02 November 2019	431	SwissBorg	CHSB	$5,312,239	$0.009226	575,821,133 CHSB *	$14,368	-0.27%	-2.46%	-1.66%	
https:/coinmarketcap.com/historical/20191104	03 November 2019	429	SwissBorg	CHSB	$5,418,129	$0.009409	575,821,133 CHSB *	$12,684	-0.63%	1.70%	2.88%	
https:/coinmarketcap.com/historical/20191105	04 November 2019	419	SwissBorg	CHSB	$5,587,653	$0.009704	575,821,133 CHSB *	$12,902	0.42%	2.56%	6.18%	
https:/coinmarketcap.com/historical/20191106	05 November 2019	429	SwissBorg	CHSB	$5,277,354	$0.009165	575,821,133 CHSB *	$18,105	0.28%	-4.81%	-5.58%	
https:/coinmarketcap.com/historical/20191107	06 November 2019	429	SwissBorg	CHSB	$5,351,878	$0.009294	575,821,133 CHSB *	$13,866	0.08%	1.62%	-3.51%	
https:/coinmarketcap.com/historical/20191108	07 November 2019	415	SwissBorg	CHSB	$5,404,028	$0.009385	575,821,133 CHSB *	$20,297	-0.30%	1.10%	-3.25%	
https:/coinmarketcap.com/historical/20191109	08 November 2019	435	SwissBorg	CHSB	$5,142,104	$0.008930	575,821,133 CHSB *	$18,651	-0.52%	-5.02%	-5.28%	
https:/coinmarketcap.com/historical/20191110	09 November 2019	429	SwissBorg	CHSB	$5,375,205	$0.009335	575,821,133 CHSB *	$16,960	0.21%	4.26%	1.20%	
https:/coinmarketcap.com/historical/20191111	10 November 2019	433	SwissBorg	CHSB	$5,262,771	$0.009140	575,821,133 CHSB *	$19,120	0.03%	-2.07%	-3.73%	
https:/coinmarketcap.com/historical/20191112	11 November 2019	425	SwissBorg	CHSB	$5,451,185	$0.009467	575,821,133 CHSB *	$49,706	0.20%	3.50%	-1.12%	
https:/coinmarketcap.com/historical/20191113	12 November 2019	440	SwissBorg	CHSB	$5,085,400	$0.008832	575,821,133 CHSB *	$41,210	0.10%	-6.42%	-3.09%	
https:/coinmarketcap.com/historical/20191114	13 November 2019	444	SwissBorg	CHSB	$5,109,364	$0.008873	575,821,133 CHSB *	$31,250	-0.51%	0.42%	-5.83%	
https:/coinmarketcap.com/historical/20191115	14 November 2019	444	SwissBorg	CHSB	$4,994,858	$0.008674	575,821,133 CHSB *	$32,353	-0.40%	-2.25%	-7.68%	
https:/coinmarketcap.com/historical/20191116	15 November 2019	442	SwissBorg	CHSB	$4,962,919	$0.008619	575,821,133 CHSB *	$25,387	-0.12%	-0.98%	-4.73%	
https:/coinmarketcap.com/historical/20191117	16 November 2019	443	SwissBorg	CHSB	$4,927,306	$0.008557	575,821,133 CHSB *	$25,552	-0.91%	-0.82%	-7.71%	
https:/coinmarketcap.com/historical/20191118	17 November 2019	449	SwissBorg	CHSB	$4,782,170	$0.008305	575,821,133 CHSB *	$23,402	1.12%	-3.07%	-7.98%	
https:/coinmarketcap.com/historical/20191119	18 November 2019	442	SwissBorg	CHSB	$4,817,932	$0.008367	575,821,133 CHSB *	$25,522	-0.09%	0.59%	-11.01%	
https:/coinmarketcap.com/historical/20191120	19 November 2019	445	SwissBorg	CHSB	$4,721,964	$0.008200	575,821,133 CHSB *	$26,716	-0.14%	-2.01%	-6.59%	
https:/coinmarketcap.com/historical/20191121	20 November 2019	441	SwissBorg	CHSB	$4,498,694	$0.007813	575,821,133 CHSB *	$25,586	0.36%	-4.70%	-11.60%	
https:/coinmarketcap.com/historical/20191122	21 November 2019	445	SwissBorg	CHSB	$4,230,739	$0.007347	575,821,133 CHSB *	$30,708	0.05%	-5.90%	-15.56%	
https:/coinmarketcap.com/historical/20191123	22 November 2019	439	SwissBorg	CHSB	$4,263,592	$0.007404	575,821,133 CHSB *	$29,850	-0.06%	1.14%	-14.02%	
https:/coinmarketcap.com/historical/20191124	23 November 2019	433	SwissBorg	CHSB	$3,971,227	$0.006897	575,821,133 CHSB *	$27,889	-1.77%	-6.72%	-19.60%	
https:/coinmarketcap.com/historical/20191125	24 November 2019	445	SwissBorg	CHSB	$4,080,126	$0.007086	575,821,133 CHSB *	$48,645	-0.86%	2.08%	-14.57%	
https:/coinmarketcap.com/historical/20191126	25 November 2019	439	SwissBorg	CHSB	$4,188,149	$0.007273	575,821,133 CHSB *	$39,267	0.50%	2.32%	-12.99%	
https:/coinmarketcap.com/historical/20191127	26 November 2019	440	SwissBorg	CHSB	$4,372,265	$0.007593	575,821,133 CHSB *	$32,925	-0.28%	4.81%	-7.25%	
https:/coinmarketcap.com/historical/20191128	27 November 2019	445	SwissBorg	CHSB	$4,199,855	$0.007294	575,821,133 CHSB *	$35,021	-0.70%	-4.31%	-6.02%	
https:/coinmarketcap.com/historical/20191129	28 November 2019	448	SwissBorg	CHSB	$4,318,230	$0.007499	575,821,133 CHSB *	$24,778	1.01%	2.57%	2.22%	
https:/coinmarketcap.com/historical/20191130	29 November 2019	408	SwissBorg	CHSB	$4,788,533	$0.008316	575,821,133 CHSB *	$27,819	0.49%	10.97%	13.22%	
https:/coinmarketcap.com/historical/20191201	30 November 2019	419	SwissBorg	CHSB	$4,518,217	$0.007847	575,821,133 CHSB *	$31,120	0.00%	-5.10%	13.63%	
https:/coinmarketcap.com/historical/20191202	01 December 2019	414	SwissBorg	CHSB	$4,716,514	$0.008191	575,821,133 CHSB *	$23,834	-0.39%	4.61%	14.52%	
https:/coinmarketcap.com/historical/20191203	02 December 2019	389	SwissBorg	CHSB	$5,586,245	$0.008175	683,333,563 CHSB *	$77,021	0.08%	-0.77%	12.02%	
https:/coinmarketcap.com/historical/20191204	03 December 2019	384	SwissBorg	CHSB	$5,593,670	$0.008186	683,333,563 CHSB *	$52,513	4.02%	0.40%	7.03%	
https:/coinmarketcap.com/historical/20191205	04 December 2019	388	SwissBorg	CHSB	$5,682,455	$0.008316	683,333,563 CHSB *	$33,104	0.77%	3.21%	12.97%	
https:/coinmarketcap.com/historical/20191206	05 December 2019	392	SwissBorg	CHSB	$5,418,499	$0.007930	683,266,564 CHSB *	$37,040	0.45%	-4.21%	5.54%	
https:/coinmarketcap.com/historical/20191207	06 December 2019	390	SwissBorg	CHSB	$5,231,353	$0.007656	683,266,564 CHSB *	$32,203	-1.21%	-2.92%	-6.35%	
https:/coinmarketcap.com/historical/20191208	07 December 2019	392	SwissBorg	CHSB	$5,292,603	$0.007746	683,266,564 CHSB *	$32,641	-0.21%	0.58%	-1.71%	
https:/coinmarketcap.com/historical/20191209	08 December 2019	394	SwissBorg	CHSB	$5,320,479	$0.007787	683,266,564 CHSB *	$34,626	0.28%	0.70%	-4.09%	
https:/coinmarketcap.com/historical/20191210	09 December 2019	386	SwissBorg	CHSB	$5,435,863	$0.007954	683,427,924 CHSB *	$41,882	-0.17%	2.36%	-3.52%	
https:/coinmarketcap.com/historical/20191211	10 December 2019	389	SwissBorg	CHSB	$5,232,006	$0.007656	683,427,924 CHSB *	$27,129	0.06%	-3.54%	-5.12%	
https:/coinmarketcap.com/historical/20191212	11 December 2019	397	SwissBorg	CHSB	$5,029,195	$0.007359	683,427,924 CHSB *	$35,415	0.40%	-3.73%	-10.32%	
https:/coinmarketcap.com/historical/20191213	12 December 2019	394	SwissBorg	CHSB	$5,254,168	$0.007688	683,427,924 CHSB *	$27,690	0.25%	4.73%	-3.24%	
https:/coinmarketcap.com/historical/20191214	13 December 2019	384	SwissBorg	CHSB	$5,216,279	$0.007633	683,427,924 CHSB *	$35,104	0.74%	-0.40%	-0.91%	
https:/coinmarketcap.com/historical/20191215	14 December 2019	386	SwissBorg	CHSB	$5,415,721	$0.007924	683,427,924 CHSB *	$36,265	0.01%	4.56%	2.22%	
https:/coinmarketcap.com/historical/20191216	15 December 2019	367	SwissBorg	CHSB	$5,983,104	$0.008755	683,427,924 CHSB *	$44,589	0.91%	10.73%	12.41%	
https:/coinmarketcap.com/historical/20191217	16 December 2019	342	SwissBorg	CHSB	$6,259,728	$0.009159	683,427,924 CHSB *	$52,123	1.06%	4.48%	15.03%	
https:/coinmarketcap.com/historical/20191218	17 December 2019	383	SwissBorg	CHSB	$5,373,721	$0.007863	683,427,924 CHSB *	$62,402	0.86%	-14.02%	2.89%	
https:/coinmarketcap.com/historical/20191219	18 December 2019	339	SwissBorg	CHSB	$6,781,319	$0.009923	683,427,924 CHSB *	$87,861	3.35%	26.75%	34.31%	
https:/coinmarketcap.com/historical/20191220	19 December 2019	337	SwissBorg	CHSB	$6,713,783	$0.009822	683,527,924 CHSB *	$70,069	-0.36%	1.81%	29.13%	
https:/coinmarketcap.com/historical/20191221	20 December 2019	336	SwissBorg	CHSB	$6,450,240	$0.009437	683,527,924 CHSB *	$46,841	0.19%	-3.33%	23.86%	
https:/coinmarketcap.com/historical/20191222	21 December 2019	352	SwissBorg	CHSB	$6,460,820	$0.009452	683,527,924 CHSB *	$40,696	0.27%	0.30%	20.65%	
https:/coinmarketcap.com/historical/20191223	22 December 2019	335	SwissBorg	CHSB	$6,882,855	$0.010070	683,527,924 CHSB *	$49,866	1.37%	5.56%	18.75%	
https:/coinmarketcap.com/historical/20191224	23 December 2019	357	SwissBorg	CHSB	$6,131,712	$0.008971	683,527,924 CHSB *	$49,602	-0.15%	-10.21%	-2.48%	
https:/coinmarketcap.com/historical/20191225	24 December 2019	358	SwissBorg	CHSB	$5,978,114	$0.008746	683,527,924 CHSB *	$35,431	-0.32%	-2.39%	11.75%	
https:/coinmarketcap.com/historical/20191226	25 December 2019	343	SwissBorg	CHSB	$6,418,465	$0.009390	683,527,924 CHSB *	$45,704	0.31%	6.98%	-0.91%	
https:/coinmarketcap.com/historical/20191227	26 December 2019	352	SwissBorg	CHSB	$6,180,758	$0.009042	683,527,924 CHSB *	$51,095	-0.81%	-3.52%	-5.38%	
https:/coinmarketcap.com/historical/20191228	27 December 2019	343	SwissBorg	CHSB	$6,361,303	$0.009307	683,527,924 CHSB *	$34,899	-0.16%	2.45%	-0.89%	
https:/coinmarketcap.com/historical/20191229	28 December 2019	336	SwissBorg	CHSB	$6,724,427	$0.009838	683,527,924 CHSB *	$33,883	-0.31%	5.52%	2.78%	
https:/coinmarketcap.com/historical/20191230	29 December 2019	338	SwissBorg	CHSB	$6,552,091	$0.009586	683,527,924 CHSB *	$34,858	0.90%	-2.31%	-1.63%	
https:/coinmarketcap.com/historical/20191231	30 December 2019	333	SwissBorg	CHSB	$6,541,971	$0.009571	683,527,924 CHSB *	$29,584	-0.07%	0.99%	6.87%	
https:/coinmarketcap.com/historical/20200101	31 December 2019	297	SwissBorg	CHSB	$8,488,127	$0.012418	683,527,924 CHSB *	$48,040	11.78%	29.63%	41.48%	
https:/coinmarketcap.com/historical/20200102	01 January 2020	301	SwissBorg	CHSB	$8,418,847	$0.012317	683,527,924 CHSB *	$42,590	-0.71%	1.31%	30.61%	
https:/coinmarketcap.com/historical/20200103	02 January 2020	283	SwissBorg	CHSB	$9,470,664	$0.013856	683,527,924 CHSB *	$94,591	-0.10%	11.99%	52.40%	
https:/coinmarketcap.com/historical/20200104	03 January 2020	245	SwissBorg	CHSB	$12,203,546	$0.017854	683,527,924 CHSB *	$129,929	9.09%	28.95%	90.17%	
https:/coinmarketcap.com/historical/20200105	04 January 2020	273	SwissBorg	CHSB	$10,253,059	$0.015000	683,527,924 CHSB *	$191,954	-8.24%	-16.00%	53.16%	
https:/coinmarketcap.com/historical/20200106	05 January 2020	283	SwissBorg	CHSB	$10,047,275	$0.014699	683,527,924 CHSB *	$122,172	-0.60%	-5.60%	56.91%	
https:/coinmarketcap.com/historical/20200107	06 January 2020	249	SwissBorg	CHSB	$12,488,969	$0.018271	683,527,924 CHSB *	$127,832	7.17%	23.65%	88.91%	
https:/coinmarketcap.com/historical/20200108	07 January 2020	252	SwissBorg	CHSB	$11,946,949	$0.017478	683,527,924 CHSB *	$133,332	-0.39%	-1.80%	48.17%	
https:/coinmarketcap.com/historical/20200109	08 January 2020	253	SwissBorg	CHSB	$11,880,772	$0.017376	683,741,315 CHSB *	$122,856	1.09%	0.39%	40.47%	
https:/coinmarketcap.com/historical/20200110	09 January 2020	236	SwissBorg	CHSB	$13,516,493	$0.019768	683,741,315 CHSB *	$107,416	5.51%	14.88%	41.51%	
https:/coinmarketcap.com/historical/20200111	10 January 2020	229	SwissBorg	CHSB	$14,302,720	$0.020918	683,741,315 CHSB *	$88,224	-0.22%	6.05%	20.61%	
https:/coinmarketcap.com/historical/20200112	11 January 2020	243	SwissBorg	CHSB	$13,275,780	$0.019416	683,741,315 CHSB *	$90,979	0.32%	-7.34%	17.26%	
https:/coinmarketcap.com/historical/20200113	12 January 2020	251	SwissBorg	CHSB	$12,538,134	$0.018338	683,741,315 CHSB *	$119,640	-0.13%	-5.43%	25.07%	
https:/coinmarketcap.com/historical/20200114	13 January 2020	248	SwissBorg	CHSB	$13,139,709	$0.019217	683,741,315 CHSB *	$167,486	0.23%	4.31%	12.20%	
https:/coinmarketcap.com/historical/20200115	14 January 2020	250	SwissBorg	CHSB	$13,122,845	$0.019193	683,741,315 CHSB *	$85,417	-0.20%	-0.20%	12.93%	
https:/coinmarketcap.com/historical/20200116	15 January 2020	242	SwissBorg	CHSB	$13,746,993	$0.020106	683,741,315 CHSB *	$110,175	0.68%	5.41%	17.82%	
https:/coinmarketcap.com/historical/20200117	16 January 2020	232	SwissBorg	CHSB	$14,922,941	$0.021825	683,741,315 CHSB *	$133,842	-0.11%	8.55%	11.51%	
https:/coinmarketcap.com/historical/20200118	17 January 2020	212	SwissBorg	CHSB	$17,983,731	$0.026302	683,741,315 CHSB *	$130,908	-1.26%	20.20%	25.84%	
https:/coinmarketcap.com/historical/20200119	18 January 2020	223	SwissBorg	CHSB	$16,224,654	$0.023729	683,741,315 CHSB *	$141,776	0.54%	-11.00%	23.77%	
https:/coinmarketcap.com/historical/20200120	19 January 2020	221	SwissBorg	CHSB	$16,525,640	$0.024169	683,741,315 CHSB *	$87,500	-0.13%	2.24%	30.19%	
https:/coinmarketcap.com/historical/20200121	20 January 2020	215	SwissBorg	CHSB	$17,468,898	$0.025549	683,742,882 CHSB *	$93,756	-0.76%	5.86%	33.59%	
https:/coinmarketcap.com/historical/20200122	21 January 2020	220	SwissBorg	CHSB	$17,276,893	$0.025268	683,742,882 CHSB *	$74,935	-1.61%	-1.16%	34.42%	
https:/coinmarketcap.com/historical/20200123	22 January 2020	215	SwissBorg	CHSB	$17,245,871	$0.025223	683,742,882 CHSB *	$108,068	-1.97%	-0.22%	25.29%	
https:/coinmarketcap.com/historical/20200124	23 January 2020	210	SwissBorg	CHSB	$18,283,122	$0.026740	683,742,882 CHSB *	$105,344	-0.38%	5.03%	22.99%	
https:/coinmarketcap.com/historical/20200125	24 January 2020	216	SwissBorg	CHSB	$17,441,482	$0.025509	683,742,882 CHSB *	$129,564	-1.43%	-4.20%	-3.16%	
https:/coinmarketcap.com/historical/20200126	25 January 2020	215	SwissBorg	CHSB	$17,574,259	$0.025703	683,742,882 CHSB *	$88,259	0.66%	0.52%	8.52%	
https:/coinmarketcap.com/historical/20200127	26 January 2020	226	SwissBorg	CHSB	$16,455,545	$0.024067	683,742,882 CHSB *	$120,705	0.96%	-5.93%	1.08%	
https:/coinmarketcap.com/historical/20200128	27 January 2020	213	SwissBorg	CHSB	$18,625,648	$0.027241	683,742,882 CHSB *	$116,369	4.47%	13.36%	7.83%	
https:/coinmarketcap.com/historical/20200129	28 January 2020	204	SwissBorg	CHSB	$19,893,697	$0.029095	683,742,882 CHSB *	$129,238	-0.65%	8.42%	16.28%	
https:/coinmarketcap.com/historical/20200130	29 January 2020	197	SwissBorg	CHSB	$21,136,359	$0.030913	683,742,882 CHSB *	$155,411	-0.77%	5.46%	22.10%	
https:/coinmarketcap.com/historical/20200131	30 January 2020	207	SwissBorg	CHSB	$19,210,494	$0.028096	683,742,882 CHSB *	$160,380	-0.98%	-9.10%	6.28%	
https:/coinmarketcap.com/historical/20200201	31 January 2020	215	SwissBorg	CHSB	$18,654,895	$0.027283	683,742,882 CHSB *	$101,627	0.63%	-3.87%	5.33%	
https:/coinmarketcap.com/historical/20200202	01 February 2020	216	SwissBorg	CHSB	$18,752,418	$0.027426	683,742,882 CHSB *	$102,966	-1.17%	0.60%	7.88%	
https:/coinmarketcap.com/historical/20200203	02 February 2020	215	SwissBorg	CHSB	$19,121,559	$0.027951	684,102,722 CHSB *	$158,553	6.11%	1.06%	18.21%	
https:/coinmarketcap.com/historical/20200204	03 February 2020	225	SwissBorg	CHSB	$17,954,217	$0.026245	684,102,722 CHSB *	$81,680	0.07%	-3.67%	-0.03%	
https:/coinmarketcap.com/historical/20200205	04 February 2020	231	SwissBorg	CHSB	$17,958,218	$0.026251	684,102,722 CHSB *	$121,097	-2.10%	0.38%	-8.15%	
https:/coinmarketcap.com/historical/20200206	05 February 2020	242	SwissBorg	CHSB	$17,057,964	$0.024935	684,102,722 CHSB *	$84,279	1.02%	-5.01%	-18.09%	
https:/coinmarketcap.com/historical/20200207	06 February 2020	228	SwissBorg	CHSB	$18,897,343	$0.027624	684,102,722 CHSB *	$88,236	1.22%	10.70%	-3.10%	
https:/coinmarketcap.com/historical/20200208	07 February 2020	244	SwissBorg	CHSB	$17,696,547	$0.025868	684,102,722 CHSB *	$76,517	-0.39%	-6.24%	-4.89%	
https:/coinmarketcap.com/historical/20200209	08 February 2020	248	SwissBorg	CHSB	$17,223,324	$0.025177	684,102,722 CHSB *	$98,202	-0.06%	-2.34%	-9.57%	
https:/coinmarketcap.com/historical/20200210	09 February 2020	250	SwissBorg	CHSB	$16,715,425	$0.024434	684,102,722 CHSB *	$178,381	0.58%	-3.46%	-10.91%	
https:/coinmarketcap.com/historical/20200211	10 February 2020	241	SwissBorg	CHSB	$18,339,640	$0.026808	684,102,722 CHSB *	$158,447	0.44%	10.88%	3.09%	
https:/coinmarketcap.com/historical/20200212	11 February 2020	253	SwissBorg	CHSB	$17,427,169	$0.025474	684,102,722 CHSB *	$142,262	-1.42%	-5.42%	-3.75%	
https:/coinmarketcap.com/historical/20200213	12 February 2020	257	SwissBorg	CHSB	$17,177,127	$0.025109	684,102,722 CHSB *	$105,960	0.22%	-2.57%	0.62%	
https:/coinmarketcap.com/historical/20200214	13 February 2020	258	SwissBorg	CHSB	$17,298,178	$0.025286	684,102,722 CHSB *	$131,517	0.75%	0.74%	-7.63%	
https:/coinmarketcap.com/historical/20200215	14 February 2020	281	SwissBorg	CHSB	$14,609,597	$0.021356	684,102,722 CHSB *	$227,856	1.06%	-14.89%	-17.92%	
https:/coinmarketcap.com/historical/20200216	15 February 2020	259	SwissBorg	CHSB	$15,630,339	$0.022848	684,102,722 CHSB *	$133,238	2.14%	7.31%	-8.80%	
https:/coinmarketcap.com/historical/20200217	16 February 2020	269	SwissBorg	CHSB	$14,749,605	$0.021561	684,102,722 CHSB *	$114,454	2.28%	-4.05%	-11.57%	
https:/coinmarketcap.com/historical/20200218	17 February 2020	267	SwissBorg	CHSB	$15,847,416	$0.023165	684,102,722 CHSB *	$123,800	0.85%	6.36%	-13.41%	
https:/coinmarketcap.com/historical/20200219	18 February 2020	273	SwissBorg	CHSB	$14,040,225	$0.020524	684,102,722 CHSB *	$117,926	-0.34%	-10.86%	-20.86%	
https:/coinmarketcap.com/historical/20200220	19 February 2020	263	SwissBorg	CHSB	$15,185,427	$0.022198	684,102,722 CHSB *	$114,010	0.01%	7.51%	-11.38%	
https:/coinmarketcap.com/historical/20200221	20 February 2020	254	SwissBorg	CHSB	$16,251,209	$0.023756	684,102,722 CHSB *	$94,743	-0.71%	7.15%	-5.79%	
https:/coinmarketcap.com/historical/20200222	21 February 2020	252	SwissBorg	CHSB	$16,505,592	$0.024117	684,402,722 CHSB *	$119,466	0.39%	1.09%	13.50%	
https:/coinmarketcap.com/historical/20200223	22 February 2020	262	SwissBorg	CHSB	$16,118,391	$0.023551	684,402,722 CHSB *	$70,616	-1.67%	-1.64%	5.84%	
https:/coinmarketcap.com/historical/20200224	23 February 2020	258	SwissBorg	CHSB	$16,343,636	$0.023864	684,852,722 CHSB *	$53,818	1.54%	-0.22%	8.85%	
https:/coinmarketcap.com/historical/20200225	24 February 2020	250	SwissBorg	CHSB	$16,217,268	$0.023680	684,852,722 CHSB *	$113,275	-0.72%	-0.65%	4.15%	
https:/coinmarketcap.com/historical/20200226	25 February 2020	242	SwissBorg	CHSB	$16,340,380	$0.023860	684,852,722 CHSB *	$126,010	-1.72%	-0.16%	13.24%	
https:/coinmarketcap.com/historical/20200227	26 February 2020	241	SwissBorg	CHSB	$16,590,487	$0.024225	684,852,722 CHSB *	$95,896	1.50%	1.46%	9.78%	
https:/coinmarketcap.com/historical/20200228	27 February 2020	247	SwissBorg	CHSB	$15,925,678	$0.023254	684,852,722 CHSB *	$58,928	-1.58%	-3.44%	-1.36%	
https:/coinmarketcap.com/historical/20200229	28 February 2020	254	SwissBorg	CHSB	$15,124,617	$0.022084	684,852,722 CHSB *	$69,852	-1.43%	-7.41%	-7.97%	
https:/coinmarketcap.com/historical/20200301	29 February 2020	242	SwissBorg	CHSB	$16,065,760	$0.023459	684,852,722 CHSB *	$91,117	1.17%	5.03%	-1.25%	
https:/coinmarketcap.com/historical/20200302	01 March 2020	246	SwissBorg	CHSB	$16,294,259	$0.023792	684,852,722 CHSB *	$88,261	-0.09%	2.83%	1.33%	
https:/coinmarketcap.com/historical/20200303	02 March 2020	251	SwissBorg	CHSB	$15,444,593	$0.022552	684,852,722 CHSB *	$87,560	-0.06%	-5.14%	-3.81%	
https:/coinmarketcap.com/historical/20200304	03 March 2020	258	SwissBorg	CHSB	$15,022,024	$0.021929	685,037,684 CHSB *	$61,435	-0.16%	-2.99%	-7.03%	
https:/coinmarketcap.com/historical/20200305	04 March 2020	259	SwissBorg	CHSB	$15,353,136	$0.022412	685,037,784 CHSB *	$59,188	-2.71%	1.79%	-6.73%	
https:/coinmarketcap.com/historical/20200306	05 March 2020	245	SwissBorg	CHSB	$16,712,578	$0.024220	690,037,784 CHSB *	$71,665	1.39%	7.10%	1.81%	
https:/coinmarketcap.com/historical/20200307	06 March 2020	249	SwissBorg	CHSB	$16,367,490	$0.023720	690,037,784 CHSB *	$74,423	-0.62%	-1.47%	5.23%	
https:/coinmarketcap.com/historical/20200308	07 March 2020	249	SwissBorg	CHSB	$14,440,496	$0.020927	690,037,784 CHSB *	$78,461	-2.14%	-11.49%	-9.06%	
https:/coinmarketcap.com/historical/20200309	08 March 2020	250	SwissBorg	CHSB	$14,242,509	$0.020640	690,037,784 CHSB *	$61,913	1.23%	-2.46%	-13.04%	
https:/coinmarketcap.com/historical/20200310	09 March 2020	247	SwissBorg	CHSB	$14,407,711	$0.020880	690,037,784 CHSB *	$66,513	-1.59%	1.45%	-7.60%	
https:/coinmarketcap.com/historical/20200311	10 March 2020	252	SwissBorg	CHSB	$13,932,822	$0.020191	690,037,784 CHSB *	$78,710	0.48%	-3.99%	-9.02%	
https:/coinmarketcap.com/historical/20200312	11 March 2020	246	SwissBorg	CHSB	$8,643,550	$0.012526	690,037,784 CHSB *	$82,928	-14.06%	-37.86%	-45.23%	
https:/coinmarketcap.com/historical/20200313	12 March 2020	214	SwissBorg	CHSB	$11,776,962	$0.017067	690,037,784 CHSB *	$159,469	-1.84%	29.16%	-29.06%	
https:/coinmarketcap.com/historical/20200314	13 March 2020	227	SwissBorg	CHSB	$10,375,142	$0.015036	690,037,784 CHSB *	$82,098	-1.38%	-12.83%	-35.88%	
https:/coinmarketcap.com/historical/20200315	14 March 2020	238	SwissBorg	CHSB	$10,196,762	$0.014777	690,037,784 CHSB *	$71,552	0.23%	-2.50%	-30.62%	
https:/coinmarketcap.com/historical/20200316	15 March 2020	228	SwissBorg	CHSB	$9,780,803	$0.014174	690,037,784 CHSB *	$50,401	0.43%	-3.10%	-31.37%	
https:/coinmarketcap.com/historical/20200317	16 March 2020	220	SwissBorg	CHSB	$10,902,059	$0.015754	692,037,784 CHSB *	$160,528	0.11%	10.25%	-24.46%	
https:/coinmarketcap.com/historical/20200318	17 March 2020	221	SwissBorg	CHSB	$11,426,987	$0.016490	692,985,577 CHSB *	$62,268	-0.70%	4.61%	-16.45%	
https:/coinmarketcap.com/historical/20200319	18 March 2020	211	SwissBorg	CHSB	$14,639,699	$0.020832	702,745,665 CHSB *	$92,867	-1.40%	25.10%	51.72%	
https:/coinmarketcap.com/historical/20200320	19 March 2020	214	SwissBorg	CHSB	$13,900,431	$0.019779	702,795,665 CHSB *	$181,949	-0.36%	-4.83%	15.26%	
https:/coinmarketcap.com/historical/20200321	20 March 2020	210	SwissBorg	CHSB	$13,922,170	$0.019810	702,795,665 CHSB *	$101,879	0.05%	1.60%	29.83%	
https:/coinmarketcap.com/historical/20200322	21 March 2020	224	SwissBorg	CHSB	$12,243,095	$0.017421	702,795,665 CHSB *	$90,315	-2.43%	-12.05%	18.89%	
https:/coinmarketcap.com/historical/20200323	22 March 2020	210	SwissBorg	CHSB	$14,356,752	$0.020398	703,839,048 CHSB *	$118,015	-0.43%	15.00%	41.78%	
https:/coinmarketcap.com/historical/20200324	23 March 2020	215	SwissBorg	CHSB	$14,705,314	$0.020893	703,839,048 CHSB *	$70,211	-3.86%	2.53%	32.26%	
https:/coinmarketcap.com/historical/20200325	24 March 2020	216	SwissBorg	CHSB	$14,754,648	$0.020963	703,839,048 CHSB *	$80,049	-0.87%	-2.31%	26.70%	
https:/coinmarketcap.com/historical/20200326	25 March 2020	216	SwissBorg	CHSB	$15,157,605	$0.021536	703,839,048 CHSB *	$50,677	0.55%	2.06%	4.94%	
https:/coinmarketcap.com/historical/20200327	26 March 2020	220	SwissBorg	CHSB	$14,451,843	$0.020533	703,839,048 CHSB *	$68,390	-2.01%	-4.38%	5.07%	
https:/coinmarketcap.com/historical/20200328	27 March 2020	222	SwissBorg	CHSB	$13,994,334	$0.019883	703,839,048 CHSB *	$68,803	0.03%	-4.70%	0.27%	
https:/coinmarketcap.com/historical/20200329	28 March 2020	220	SwissBorg	CHSB	$13,311,826	$0.018913	703,839,048 CHSB *	$61,487	0.42%	-5.12%	5.38%	
https:/coinmarketcap.com/historical/20200330	29 March 2020	217	SwissBorg	CHSB	$15,105,622	$0.021460	703,891,048 CHSB *	$78,683	1.53%	13.55%	7.07%	
https:/coinmarketcap.com/historical/20200331	29 March 2020	215	SwissBorg	CHSB	$15,397,858	$0.021875	703,891,048 CHSB *	$94,069	0.56%	4.11%	2.61%	
https:/coinmarketcap.com/historical/20200401	31 March 2020	209	SwissBorg	CHSB	$16,089,131	$0.022857	703,891,048 CHSB *	$93,326	4.06%	5.58%	9.59%	
https:/coinmarketcap.com/historical/20200402	01 April 2020	202	SwissBorg	CHSB	$17,413,651	$0.024732	704,103,768 CHSB *	$131,964	-0.45%	9.41%	15.94%	
https:/coinmarketcap.com/historical/20200403	02 April 2020	203	SwissBorg	CHSB	$17,005,080	$0.024150	704,153,768 CHSB *	$90,614	-0.22%	-2.31%	16.10%	
https:/coinmarketcap.com/historical/20200404	03 April 2020	204	SwissBorg	CHSB	$17,472,871	$0.024814	704,153,768 CHSB *	$93,053	0.08%	2.56%	24.64%	
https:/coinmarketcap.com/historical/20200405	04 April 2020	206	SwissBorg	CHSB	$17,153,939	$0.024361	704,153,768 CHSB *	$73,644	0.40%	-0.46%	27.98%	
https:/coinmarketcap.com/historical/20200406	05 April 2020	208	SwissBorg	CHSB	$17,752,854	$0.025212	704,153,768 CHSB *	$166,637	1.71%	3.49%	19.97%	
https:/coinmarketcap.com/historical/20200407	06 April 2020	211	SwissBorg	CHSB	$17,452,895	$0.024786	704,153,768 CHSB *	$156,521	0.39%	-1.49%	15.07%	
https:/coinmarketcap.com/historical/20200408	07 April 2020	205	SwissBorg	CHSB	$18,745,570	$0.026621	704,153,768 CHSB *	$96,308	0.24%	7.66%	18.62%	
https:/coinmarketcap.com/historical/20200409	08 April 2020	210	SwissBorg	CHSB	$18,165,501	$0.025798	704,153,768 CHSB *	$163,960	0.16%	-3.36%	5.19%	
https:/coinmarketcap.com/historical/20200410	09 April 2020	210	SwissBorg	CHSB	$16,533,760	$0.023479	704,203,768 CHSB *	$82,920	-0.60%	-8.96%	-3.24%	
https:/coinmarketcap.com/historical/20200411	10 April 2020	212	SwissBorg	CHSB	$16,454,697	$0.023366	704,203,768 CHSB *	$61,162	0.68%	-1.15%	-4.68%	
https:/coinmarketcap.com/historical/20200412	11 April 2020	212	SwissBorg	CHSB	$16,508,569	$0.023443	704,203,768 CHSB *	$64,591	0.82%	0.67%	-4.04%	
https:/coinmarketcap.com/historical/20200413	12 April 2020	219	SwissBorg	CHSB	$15,598,911	$0.022151	704,203,768 CHSB *	$80,919	-0.58%	-4.19%	-11.14%	
https:/coinmarketcap.com/historical/20200414	13 April 2020	211	SwissBorg	CHSB	$16,226,611	$0.023042	704,203,768 CHSB *	$139,866	-0.47%	3.84%	-8.00%	
https:/coinmarketcap.com/historical/20200415	14 April 2020	216	SwissBorg	CHSB	$15,767,541	$0.022391	704,203,768 CHSB *	$85,501	-1.29%	-2.90%	-15.47%	
https:/coinmarketcap.com/historical/20200416	15 April 2020	225	SwissBorg	CHSB	$15,827,195	$0.022475	704,203,768 CHSB *	$122,138	-0.12%	0.92%	-11.57%	
https:/coinmarketcap.com/historical/20200417	16 April 2020	224	SwissBorg	CHSB	$15,731,007	$0.022339	704,203,768 CHSB *	$120,822	-0.51%	-1.09%	-5.82%	
https:/coinmarketcap.com/historical/20200418	17 April 2020	221	SwissBorg	CHSB	$16,701,792	$0.023717	704,203,768 CHSB *	$66,849	-1.33%	5.49%	2.82%	
https:/coinmarketcap.com/historical/20200419	18 April 2020	223	SwissBorg	CHSB	$16,121,703	$0.022894	704,203,768 CHSB *	$86,134	-0.49%	-3.80%	-0.55%	
https:/coinmarketcap.com/historical/20200420	19 April 2020	238	SwissBorg	CHSB	$13,894,799	$0.019731	704,203,768 CHSB *	$177,605	-1.87%	-14.08%	-10.89%	
https:/coinmarketcap.com/historical/20200421	20 April 2020	239	SwissBorg	CHSB	$13,858,950	$0.019680	704,203,768 CHSB *	$99,955	0.29%	-1.75%	-15.25%	
https:/coinmarketcap.com/historical/20200422	21 April 2020	239	SwissBorg	CHSB	$14,140,275	$0.020080	704,203,768 CHSB *	$117,717	-0.29%	2.17%	-10.31%	
https:/coinmarketcap.com/historical/20200423	22 April 2020	240	SwissBorg	CHSB	$14,394,357	$0.020441	704,203,768 CHSB *	$108,421	-0.50%	1.03%	-9.07%	
https:/coinmarketcap.com/historical/20200424	23 April 2020	246	SwissBorg	CHSB	$14,422,703	$0.020481	704,203,768 CHSB *	$132,828	-0.12%	-0.70%	-9.29%	
https:/coinmarketcap.com/historical/20200425	24 April 2020	255	SwissBorg	CHSB	$13,589,261	$0.019297	704,203,768 CHSB *	$129,064	1.12%	-5.23%	-18.78%	
https:/coinmarketcap.com/historical/20200426	25 April 2020	256	SwissBorg	CHSB	$13,712,649	$0.019473	704,203,768 CHSB *	$81,232	0.44%	2.37%	-15.58%	
https:/coinmarketcap.com/historical/20200427	26 April 2020	271	SwissBorg	CHSB	$12,679,197	$0.018005	704,203,768 CHSB *	$114,775	-0.79%	-7.44%	-10.68%	
https:/coinmarketcap.com/historical/20200428	27 April 2020	238	SwissBorg	CHSB	$12,915,812	$0.018341	704,203,768 CHSB *	$94,551	-0.06%	2.19%	-6.81%	
https:/coinmarketcap.com/historical/20200429	28 April 2020	248	SwissBorg	CHSB	$13,031,075	$0.018505	704,203,768 CHSB *	$164,448	0.43%	1.05%	-8.32%	
https:/coinmarketcap.com/historical/20200430	29 April 2020	246	SwissBorg	CHSB	$12,232,186	$0.017370	704,203,768 CHSB *	$294,432	-0.77%	-5.69%	-15.99%	
https:/coinmarketcap.com/historical/20200501	30 April 2020	254	SwissBorg	CHSB	$11,512,561	$0.016347	704,253,768 CHSB *	$109,820	-0.70%	-5.55%	-19.15%	
https:/coinmarketcap.com/historical/20200502	01 May 2020	255	SwissBorg	CHSB	$11,432,571	$0.016234	704,253,768 CHSB *	$113,463	-0.35%	-1.18%	-14.68%	
https:/coinmarketcap.com/historical/20200503	02 May 2020	704	SwissBorg	CHSB	$11,277,649	$0.016014	704,253,768 CHSB *	$45,097	-0.28%	-2.11%	-17.39%	
https:/coinmarketcap.com/historical/20200504	03 May 2020	239	SwissBorg	CHSB	$12,764,740	$0.018125	704,253,768 CHSB *	$107,807	-0.73%	13.38%	1.22%	
https:/coinmarketcap.com/historical/20200505	04 May 2020	237	SwissBorg	CHSB	$13,473,231	$0.019131	704,253,768 CHSB *	$88,258	1.51%	5.28%	5.09%	
https:/coinmarketcap.com/historical/20200506	05 May 2020	240	SwissBorg	CHSB	$13,621,261	$0.019341	704,253,768 CHSB *	$142,427	-1.56%	1.79%	5.39%	
https:/coinmarketcap.com/historical/20200507	06 May 2020	227	SwissBorg	CHSB	$15,224,982	$0.021619	704,253,768 CHSB *	$140,164	-0.37%	11.44%	25.90%	
https:/coinmarketcap.com/historical/20200508	07 May 2020	213	SwissBorg	CHSB	$18,405,122	$0.026134	704,253,768 CHSB *	$165,491	-0.39%	20.42%	59.01%	
https:/coinmarketcap.com/historical/20200509	08 May 2020	217	SwissBorg	CHSB	$16,434,365	$0.023336	704,253,768 CHSB *	$126,515	-0.17%	-11.15%	42.97%	
https:/coinmarketcap.com/historical/20200510	09 May 2020	222	SwissBorg	CHSB	$14,795,279	$0.021008	704,253,768 CHSB *	$148,488	2.24%	-6.48%	31.79%	
https:/coinmarketcap.com/historical/20200511	10 May 2020	220	SwissBorg	CHSB	$14,859,172	$0.021099	704,253,768 CHSB *	$166,195	-1.14%	0.95%	17.66%	
https:/coinmarketcap.com/historical/20200512	11 May 2020	200	SwissBorg	CHSB	$18,336,489	$0.026037	704,253,768 CHSB *	$632,055	2.82%	22.05%	37.75%	
https:/coinmarketcap.com/historical/20200513	12 May 2020	198	SwissBorg	CHSB	$19,752,149	$0.028047	704,253,768 CHSB *	$398,597	0.75%	8.51%	42.99%	
https:/coinmarketcap.com/historical/20200514	13 May 2020	201	SwissBorg	CHSB	$20,121,731	$0.028572	704,253,768 CHSB *	$237,996	-0.03%	1.44%	30.86%	
https:/coinmarketcap.com/historical/20200515	14 May 2020	197	SwissBorg	CHSB	$19,583,951	$0.027808	704,253,768 CHSB *	$264,136	-0.87%	-2.31%	12.53%	
https:/coinmarketcap.com/historical/20200516	15 May 2020	195	SwissBorg	CHSB	$19,780,150	$0.028087	704,253,768 CHSB *	$121,288	0.11%	1.12%	27.12%	
https:/coinmarketcap.com/historical/20200517	16 May 2020	197	SwissBorg	CHSB	$20,057,743	$0.028481	704,253,768 CHSB *	$133,557	-0.07%	1.33%	37.28%	
https:/coinmarketcap.com/historical/20200518	17 May 2020	198	SwissBorg	CHSB	$20,300,836	$0.028826	704,253,768 CHSB *	$167,444	-0.51%	1.27%	33.86%	
https:/coinmarketcap.com/historical/20200519	18 May 2020	201	SwissBorg	CHSB	$20,477,946	$0.029078	704,253,768 CHSB *	$124,521	0.34%	0.90%	13.09%	
https:/coinmarketcap.com/historical/20200520	19 May 2020	203	SwissBorg	CHSB	$20,144,386	$0.028604	704,253,768 CHSB *	$149,080	-1.04%	-1.61%	1.58%	
https:/coinmarketcap.com/historical/20200521	20 May 2020	208	SwissBorg	CHSB	$19,705,640	$0.027981	704,253,768 CHSB *	$128,039	-0.68%	-2.55%	-1.73%	
https:/coinmarketcap.com/historical/20200522	21 May 2020	207	SwissBorg	CHSB	$21,016,244	$0.029842	704,253,768 CHSB *	$122,362	0.51%	6.25%	6.37%	
https:/coinmarketcap.com/historical/20200523	22 May 2020	208	SwissBorg	CHSB	$21,015,684	$0.029841	704,253,768 CHSB *	$146,094	0.28%	0.76%	6.21%	
https:/coinmarketcap.com/historical/20200524	23 May 2020	211	SwissBorg	CHSB	$19,425,803	$0.027584	704,253,768 CHSB *	$98,625	-3.62%	-7.32%	-3.86%	
https:/coinmarketcap.com/historical/20200525	24 May 2020	212	SwissBorg	CHSB	$20,087,707	$0.028523	704,253,768 CHSB *	$120,463	0.35%	1.86%	-0.76%	
https:/coinmarketcap.com/historical/20200526	25 May 2020	215	SwissBorg	CHSB	$20,081,593	$0.028506	704,478,768 CHSB *	$75,331	-0.03%	0.37%	-1.66%	
https:/coinmarketcap.com/historical/20200527	26 May 2020	215	SwissBorg	CHSB	$20,715,861	$0.029389	704,880,233 CHSB *	$115,668	0.81%	3.06%	1.81%	
https:/coinmarketcap.com/historical/20200528	27 May 2020	216	SwissBorg	CHSB	$20,952,270	$0.029725	704,880,233 CHSB *	$119,104	-0.53%	1.50%	6.63%	
https:/coinmarketcap.com/historical/20200529	28 May 2020	215	SwissBorg	CHSB	$21,232,238	$0.030122	704,880,233 CHSB *	$114,534	-0.18%	0.31%	2.98%	
https:/coinmarketcap.com/historical/20200530	29 May 2020	216	SwissBorg	CHSB	$21,446,353	$0.030426	704,880,233 CHSB *	$116,611	-0.09%	0.98%	2.39%	
https:/coinmarketcap.com/historical/20200531	30 May 2020	216	SwissBorg	CHSB	$20,835,525	$0.029559	704,880,233 CHSB *	$126,076	0.67%	-2.71%	4.06%	
https:/coinmarketcap.com/historical/20200601	31 May 2020	216	SwissBorg	CHSB	$21,868,710	$0.031025	704,880,233 CHSB *	$148,188	2.07%	5.27%	9.28%	
https:/coinmarketcap.com/historical/20200602	01 June 2020	215	SwissBorg	CHSB	$21,614,637	$0.030664	704,880,233 CHSB *	$201,223	-0.83%	-1.07%	7.54%	
https:/coinmarketcap.com/historical/20200603	02 June 2020	207	SwissBorg	CHSB	$23,679,399	$0.033594	704,880,233 CHSB *	$194,985	0.73%	8.62%	14.03%	
https:/coinmarketcap.com/historical/20200604	03 June 2020	191	SwissBorg	CHSB	$27,394,680	$0.038864	704,880,233 CHSB *	$960,138	-0.64%	16.65%	29.65%	
https:/coinmarketcap.com/historical/20200605	04 June 2020	154	SwissBorg	CHSB	$38,871,728	$0.055147	704,880,233 CHSB *	$934,547	-0.52%	39.73%	82.45%	
https:/coinmarketcap.com/historical/20200606	05 June 2020	170	SwissBorg	CHSB	$33,717,728	$0.047835	704,880,233 CHSB *	$783,713	-2.54%	-13.09%	57.90%	
https:/coinmarketcap.com/historical/20200607	06 June 2020	158	SwissBorg	CHSB	$37,050,872	$0.052563	704,880,233 CHSB *	$487,453	1.66%	10.57%	76.67%	
https:/coinmarketcap.com/historical/20200608	07 June 2020	136	SwissBorg	CHSB	$50,742,006	$0.071987	704,880,233 CHSB *	$1,432,286	2.68%	38.42%	134.48%	
https:/coinmarketcap.com/historical/20200609	08 June 2020	114	SwissBorg	CHSB	$63,219,267	$0.089056	709,880,233 CHSB *	$2,927,926	-0.77%	26.00%	188.93%	
https:/coinmarketcap.com/historical/20200610	09 June 2020	123	SwissBorg	CHSB	$59,810,838	$0.084176	710,544,983 CHSB *	$2,218,034	0.02%	-6.17%	154.71%	
https:/coinmarketcap.com/historical/20200611	10 June 2020	122	SwissBorg	CHSB	$56,138,395	$0.079008	710,544,983 CHSB *	$1,199,651	3.76%	-6.29%	90.97%	
https:/coinmarketcap.com/historical/20200612	11 June 2020	125	SwissBorg	CHSB	$57,468,997	$0.080880	710,544,983 CHSB *	$719,480	-0.15%	5.23%	48.88%	
https:/coinmarketcap.com/historical/20200613	12 June 2020	123	SwissBorg	CHSB	$59,211,775	$0.083333	710,544,983 CHSB *	$675,777	0.19%	2.95%	69.99%	
https:/coinmarketcap.com/historical/20200614	13 June 2020	110	SwissBorg	CHSB	$68,316,407	$0.096146	710,544,983 CHSB *	$1,443,103	0.23%	14.86%	87.09%	
https:/coinmarketcap.com/historical/20200615	14 June 2020	106	SwissBorg	CHSB	$70,988,383	$0.099907	710,544,983 CHSB *	$1,516,087	-0.19%	3.09%	42.99%	
https:/coinmarketcap.com/historical/20200616	15 June 2020	88	SwissBorg	CHSB	$92,138,395	$0.129673	710,544,983 CHSB *	$2,879,353	3.16%	29.66%	45.27%	
https:/coinmarketcap.com/historical/20200617	16 June 2020	75	SwissBorg	CHSB	$118,309,522	$0.166505	710,544,983 CHSB *	$4,962,115	2.54%	29.23%	100.74%	
https:/coinmarketcap.com/historical/20200618	17 June 2020	83	SwissBorg	CHSB	$97,158,791	$0.136738	710,544,983 CHSB *	$5,243,111	-0.77%	-17.82%	74.56%	
https:/coinmarketcap.com/historical/20200619	18 June 2020	84	SwissBorg	CHSB	$97,432,211	$0.137123	710,544,983 CHSB *	$2,762,420	-2.58%	-0.41%	69.35%	
https:/coinmarketcap.com/historical/20200620	19 June 2020	91	SwissBorg	CHSB	$89,469,445	$0.125917	710,544,983 CHSB *	$1,596,489	-1.34%	-9.11%	51.89%	
https:/coinmarketcap.com/historical/20200621	20 June 2020	85	SwissBorg	CHSB	$93,515,353	$0.131611	710,544,983 CHSB *	$1,481,986	0.77%	4.89%	38.96%	
https:/coinmarketcap.com/historical/20200622	21 June 2020	80	SwissBorg	CHSB	$104,250,263	$0.145795	715,045,255 CHSB *	$2,542,486	0.18%	11.32%	44.55%	
https:/coinmarketcap.com/historical/20200623	22 June 2020	82	SwissBorg	CHSB	$105,285,852	$0.147244	715,045,255 CHSB *	$1,829,744	2.55%	0.80%	16.63%	
https:/coinmarketcap.com/historical/20200624	23 June 2020	85	SwissBorg	CHSB	$98,637,006	$0.137945	715,045,255 CHSB *	$1,495,023	-0.22%	-5.54%	-13.39%	
https:/coinmarketcap.com/historical/20200625	24 June 2020	92	SwissBorg	CHSB	$91,018,936	$0.127291	715,045,255 CHSB *	$1,563,688	0.71%	-7.86%	-6.24%	
https:/coinmarketcap.com/historical/20200626	25 June 2020	95	SwissBorg	CHSB	$81,442,044	$0.113898	715,045,255 CHSB *	$2,171,567	-0.60%	-10.45%	-15.99%	
https:/coinmarketcap.com/historical/20200627	26 June 2020	103	SwissBorg	CHSB	$71,378,720	$0.099824	715,045,255 CHSB *	$2,044,131	3.59%	-12.51%	-20.61%	
https:/coinmarketcap.com/historical/20200628	27 June 2020	106	SwissBorg	CHSB	$68,624,206	$0.095972	715,045,255 CHSB *	$2,901,293	3.14%	-0.87%	-26.38%	
https:/coinmarketcap.com/historical/20200629	28 June 2020	98	SwissBorg	CHSB	$79,287,030	$0.110884	715,045,255 CHSB *	$3,005,921	1.40%	17.15%	-23.61%	
https:/coinmarketcap.com/historical/20200630	29 June 2020	94	SwissBorg	CHSB	$81,840,067	$0.114454	715,045,255 CHSB *	$1,277,176	0.47%	3.47%	-20.28%	
https:/coinmarketcap.com/historical/20200701	30 June 2020	100	SwissBorg	CHSB	$79,245,618	$0.110826	715,045,255 CHSB *	$1,080,212	-0.29%	-2.79%	-19.27%	
https:/coinmarketcap.com/historical/20200702	01 July 2020	102	SwissBorg	CHSB	$75,140,587	$0.105077	715,097,164 CHSB *	$1,548,154	-0.28%	-5.29%	-17.53%	
https:/coinmarketcap.com/historical/20200703	02 July 2020	106	SwissBorg	CHSB	$70,759,796	$0.098951	715,097,164 CHSB *	$1,039,089	-1.78%	-6.07%	-13.03%	
https:/coinmarketcap.com/historical/20200704	03 July 2020	111	SwissBorg	CHSB	$67,725,911	$0.094709	715,097,164 CHSB *	$2,721,180	-0.97%	-4.70%	-5.37%	
https:/coinmarketcap.com/historical/20200705	04 July 2020	117	SwissBorg	CHSB	$62,268,644	$0.087639	710,514,612 CHSB *	$1,271,113	-0.33%	-5.43%	-7.04%	
https:/coinmarketcap.com/historical/20200706	05 July 2020	110	SwissBorg	CHSB	$69,142,278	$0.096904	713,514,612 CHSB *	$1,063,283	0.55%	10.05%	-12.32%	
https:/coinmarketcap.com/historical/20200707	06 July 2020	111	SwissBorg	CHSB	$67,290,453	$0.094308	713,514,612 CHSB *	$913,953	0.93%	-3.60%	-16.68%	
https:/coinmarketcap.com/historical/20200708	07 July 2020	119	SwissBorg	CHSB	$63,006,215	$0.088304	713,514,612 CHSB *	$1,061,346	-0.27%	-5.85%	-21.06%	
https:/coinmarketcap.com/historical/20200709	08 July 2020	120	SwissBorg	CHSB	$65,579,770	$0.091911	713,514,612 CHSB *	$1,109,084	0.05%	4.06%	-11.67%	
https:/coinmarketcap.com/historical/20200710	09 July 2020	123	SwissBorg	CHSB	$62,844,872	$0.087955	714,514,612 CHSB *	$799,040	0.65%	-4.37%	-10.59%	
https:/coinmarketcap.com/historical/20200711	10 July 2020	118	SwissBorg	CHSB	$66,773,780	$0.093453	714,514,612 CHSB *	$800,143	0.08%	6.95%	2.99%	
https:/coinmarketcap.com/historical/20200712	11 July 2020	112	SwissBorg	CHSB	$71,065,826	$0.099460	714,514,612 CHSB *	$1,336,321	0.02%	5.86%	10.63%	
https:/coinmarketcap.com/historical/20200713	12 July 2020	115	SwissBorg	CHSB	$74,023,844	$0.103600	714,514,612 CHSB *	$1,628,193	0.45%	4.14%	5.62%	
https:/coinmarketcap.com/historical/20200714	13 July 2020	105	SwissBorg	CHSB	$84,919,355	$0.118849	714,514,612 CHSB *	$2,099,472	0.91%	15.73%	27.21%	
https:/coinmarketcap.com/historical/20200715	14 July 2020	96	SwissBorg	CHSB	$93,087,659	$0.130281	714,514,612 CHSB *	$2,411,280	-0.79%	9.93%	47.16%	
https:/coinmarketcap.com/historical/20200716	15 July 2020	104	SwissBorg	CHSB	$87,640,059	$0.122657	714,514,612 CHSB *	$2,533,242	-1.09%	-6.14%	34.18%	
https:/coinmarketcap.com/historical/20200717	16 July 2020	105	SwissBorg	CHSB	$88,170,650	$0.123399	714,514,612 CHSB *	$1,481,904	-2.04%	-0.24%	41.23%	
https:/coinmarketcap.com/historical/20200718	17 July 2020	105	SwissBorg	CHSB	$90,962,231	$0.127306	714,514,612 CHSB *	$1,126,502	-0.26%	2.40%	36.59%	
https:/coinmarketcap.com/historical/20200719	18 July 2020	108	SwissBorg	CHSB	$90,403,841	$0.126525	714,514,612 CHSB *	$1,060,340	0.90%	-0.96%	25.96%	
https:/coinmarketcap.com/historical/20200720	19 July 2020	114	SwissBorg	CHSB	$83,596,886	$0.116998	714,514,612 CHSB *	$1,552,163	-4.08%	-7.28%	13.80%	
https:/coinmarketcap.com/historical/20200721	20 July 2020	117	SwissBorg	CHSB	$85,257,330	$0.119322	714,514,612 CHSB *	$1,686,178	1.65%	3.33%	2.35%	
https:/coinmarketcap.com/historical/20200722	21 July 2020	120	SwissBorg	CHSB	$82,455,021	$0.115400	714,514,612 CHSB *	$1,081,019	-2.86%	-2.36%	-11.51%	
https:/coinmarketcap.com/historical/20200723	22 July 2020	120	SwissBorg	CHSB	$81,482,241	$0.114039	714,514,612 CHSB *	$1,355,458	-0.31%	-1.59%	-8.51%	
